orgId,user,userId,acct,refreshToken,password,clientId
c1452314-69bb-4524-88ba-8478a1e40ffe,perf_preview_oo_300x_588@mailsac.com,preview_vmwareid:c1379afc-a9ba-4212-a47b-52763d9ea3db,perf_preview_oo_300x_588@mailsac.com,AuG1hRmugbZvAkYR-uG5z9WU5_HmKGyOcSu42XUjjlsHg10nJZNUPyH2h3mb6CH_,Test!preview@90,null
19a053ad-9cc3-4aa3-831c-5d3fe2ca0a28,perf_preview_oo_300x_13927@mailsac.com,preview_vmwareid:be1fcd64-6ab2-4b9e-9eb2-b3555c4989b6,perf_preview_oo_300x_13927@mailsac.com,Nch1xJ5Fs8S78WJJggkrf4ipUix2QmawIkOKpltaoZiCbsx2ah5J256S-n2h71rR,Test!preview@90,null
19a053ad-9cc3-4aa3-831c-5d3fe2ca0a28,perf_preview_oo_300x_13923@mailsac.com,preview_vmwareid:c104ef43-85ac-4d50-9593-1dce75d9609f,perf_preview_oo_300x_13923@mailsac.com,iN0cHV3vSzq1N9DhEQ9nrJ_kTIfB3gsnEBXpO-y2gKjG3mnyX_yhpHlQNRbNP8Mf,Test!preview@90,null
19a053ad-9cc3-4aa3-831c-5d3fe2ca0a28,perf_preview_oo_300x_13809@mailsac.com,preview_vmwareid:0e419a86-11b6-409d-9bfa-9aac34e07391,perf_preview_oo_300x_13809@mailsac.com,ivSAR8R4palvvb6aZfiunpAQHE3m8l_jTIkM2OqzfqZoYTuFAwTdMFmolFQkQ2zg,Test!preview@90,null
19a053ad-9cc3-4aa3-831c-5d3fe2ca0a28,perf_preview_oo_300x_13982@mailsac.com,preview_vmwareid:078e65c7-6cb9-4fed-b291-ac98db55b65a,perf_preview_oo_300x_13982@mailsac.com,mt1SiiwRIJf2x4gvb5zqIyTLih4ulGe9To3GWuA38sqRmcUt2EZjUMIFInDYVVIs,Test!preview@90,null
19a053ad-9cc3-4aa3-831c-5d3fe2ca0a28,perf_preview_oo_300x_13948@mailsac.com,preview_vmwareid:b5fd81cd-eb47-4234-bad7-445c45378ff9,perf_preview_oo_300x_13948@mailsac.com,tpr_txqtuPJn00XZtIkhPQYWa9mIfTznmv5z9IG5FlayqUlGvEAOpvx-jUjW3KmV,Test!preview@90,null
19a053ad-9cc3-4aa3-831c-5d3fe2ca0a28,perf_preview_oo_300x_13922@mailsac.com,preview_vmwareid:47e60200-acaa-4a89-9a65-a5980e5eef21,perf_preview_oo_300x_13922@mailsac.com,cEwnP-DQoN_qSqY8VZayEDmyc2gtLbHBYiV83WTQlzBowAYSqHDR3dSeA0R6ePkh,Test!preview@90,null
19a053ad-9cc3-4aa3-831c-5d3fe2ca0a28,perf_preview_oo_300x_13974@mailsac.com,preview_vmwareid:902643eb-ed3a-4f6c-ac09-8be1e872030e,perf_preview_oo_300x_13974@mailsac.com,_D3y-NtGBRduZAkS9bXVFWrU5_B8Ehv_jEnGwiosmqC3o74KvMdgvp3smwAqDdGf,Test!preview@90,null
19a053ad-9cc3-4aa3-831c-5d3fe2ca0a28,perf_preview_oo_300x_13909@mailsac.com,preview_vmwareid:fa707ced-cedf-4602-ae84-141d429d5c74,perf_preview_oo_300x_13909@mailsac.com,0YlbwLL3MxjZwiSpwiRHjyJCpcvAKPEU5cdh2S5BCUqkqNekoLSNtuwrZkwHcfSr,Test!preview@90,null
19a053ad-9cc3-4aa3-831c-5d3fe2ca0a28,perf_preview_oo_300x_13692@mailsac.com,preview_vmwareid:e4387920-0122-46d9-9abd-6a1390ed1135,perf_preview_oo_300x_13692@mailsac.com,HALrYoHFEyTX-R6qWVktGM62XSH5xu-S5KXUVRiTWeIGVNImcetSvHhR5CCwPRlH,Test!preview@90,null
19a053ad-9cc3-4aa3-831c-5d3fe2ca0a28,perf_preview_oo_300x_13945@mailsac.com,preview_vmwareid:255b1053-a9ed-4d69-96ef-0119d6672203,perf_preview_oo_300x_13945@mailsac.com,#NAME?,Test!preview@90,null
19a053ad-9cc3-4aa3-831c-5d3fe2ca0a28,perf_preview_oo_300x_13682@mailsac.com,preview_vmwareid:c9b946f7-ae65-4b29-83e6-24d859da334b,perf_preview_oo_300x_13682@mailsac.com,Srn3iNpUJaUhWGYbThClVWAPgPUOl6CF-RGJZmCrN4mrl3sfgowbRxA5lCMi68-y,Test!preview@90,null
19a053ad-9cc3-4aa3-831c-5d3fe2ca0a28,perf_preview_oo_300x_13986@mailsac.com,preview_vmwareid:49aacd77-f943-4de5-b0ef-83b5f255ee9c,perf_preview_oo_300x_13986@mailsac.com,XFgS-Wxh67iWaFXeE08Fax2nc2wctHVLgfV-nHAEgLcLoSDiso8Kk3OEOntSI_xY,Test!preview@90,null
19a053ad-9cc3-4aa3-831c-5d3fe2ca0a28,perf_preview_oo_300x_13910@mailsac.com,preview_vmwareid:6794ca75-173a-43ca-8ff6-0c0f8d8ca8e7,perf_preview_oo_300x_13910@mailsac.com,7NxO7VVqZAQLTxseQxuVIMKwFPqNxMvRH59Kw9UDHTcxF5JuICcVGk_hdiQ0hfdA,Test!preview@90,null
19a053ad-9cc3-4aa3-831c-5d3fe2ca0a28,perf_preview_oo_300x_13667@mailsac.com,preview_vmwareid:cc3ee98d-7775-4ac2-a76e-942607e5f4de,perf_preview_oo_300x_13667@mailsac.com,jOUF1eIVAxNaaLTIVHdBr_xB5qU4qr2EAii80byEMxE1XrwchDhOpkVBRjeO39Tm,Test!preview@90,null
19a053ad-9cc3-4aa3-831c-5d3fe2ca0a28,perf_preview_oo_300x_13891@mailsac.com,preview_vmwareid:11caaff4-726d-4a22-a39d-eeb85146e957,perf_preview_oo_300x_13891@mailsac.com,RBhpDWr4JMKLfhe9eGSO-SyIJyXFi5ozNf13bFSFXxQ0V-Ln54PuhOTFEcq6VpQP,Test!preview@90,null
19a053ad-9cc3-4aa3-831c-5d3fe2ca0a28,perf_preview_oo_300x_13964@mailsac.com,preview_vmwareid:15c6b2c3-0970-48d1-9280-eec709ab492b,perf_preview_oo_300x_13964@mailsac.com,wWcDczYJFfYwXcp7atYhyxRyRAHhxm-WQ4bozQ4uNyOGX4ZDG3rO5UuvOD2t0fMg,Test!preview@90,null
19a053ad-9cc3-4aa3-831c-5d3fe2ca0a28,perf_preview_oo_300x_13671@mailsac.com,preview_vmwareid:bcc4bb52-b9b8-4b30-b584-6c7e70239232,perf_preview_oo_300x_13671@mailsac.com,q57bGGKye02GMhx40xnseCTM-uBus38BYvGQUQJqPGI7f9GZwibbT5vvuRDmNu_R,Test!preview@90,null
19a053ad-9cc3-4aa3-831c-5d3fe2ca0a28,perf_preview_oo_300x_13894@mailsac.com,preview_vmwareid:4f80fb10-bd04-4dab-8f39-cdf0ad171cd1,perf_preview_oo_300x_13894@mailsac.com,uctxm377hPc28wu2p7XTKXTRPEi_i7bzrRrAvNIQJOpCX1mo6X-WWx_pP1poTtSm,Test!preview@90,null
19a053ad-9cc3-4aa3-831c-5d3fe2ca0a28,perf_preview_oo_300x_13929@mailsac.com,preview_vmwareid:08a826a4-3ea6-4399-b35e-448e7e9b4d27,perf_preview_oo_300x_13929@mailsac.com,UT_4fGX1fd0AR8jKR5Y6_ce9PX1-YggPqUIAyXg0A12nVNGh7zY88pLgu_VoJqR8,Test!preview@90,null
19a053ad-9cc3-4aa3-831c-5d3fe2ca0a28,perf_preview_oo_300x_13987@mailsac.com,preview_vmwareid:0ca78946-7d9e-408c-86fa-27551511cec6,perf_preview_oo_300x_13987@mailsac.com,dHK3P99qrwIK6PTErIof72A7mvGI2vqQQuWmr0cuhq9tv7zzYuTWRkwqIa46imET,Test!preview@90,null
19a053ad-9cc3-4aa3-831c-5d3fe2ca0a28,perf_preview_oo_300x_13495@mailsac.com,preview_vmwareid:23e579a9-7d6e-447c-b6e4-c2705864311e,perf_preview_oo_300x_13495@mailsac.com,XwWyb3MRymgwB1I_pXMGz2_P3Q-xxq9Zpi00LX_TW7lSEuzqzkFYA29NRiRdPwb_,Test!preview@90,null
19a053ad-9cc3-4aa3-831c-5d3fe2ca0a28,perf_preview_oo_300x_13902@mailsac.com,preview_vmwareid:bac7dae5-c3d3-41c0-b9b4-d4b762f5d000,perf_preview_oo_300x_13902@mailsac.com,zudPHFGKeikztO05ki6SZlc41DxthAXWpNEan3MszX0ZUEnRYfgrNIEmv9dHABMb,Test!preview@90,null
19a053ad-9cc3-4aa3-831c-5d3fe2ca0a28,perf_preview_oo_300x_13950@mailsac.com,preview_vmwareid:53a52b23-c250-4c26-ba74-5ba0fd3a407c,perf_preview_oo_300x_13950@mailsac.com,bbFhFLUA8O_0V6uwroN8zDPKUuw5GpoH66kfu0TLR7eeJSJkeThcXAK-ac5nR4Ph,Test!preview@90,null
19a053ad-9cc3-4aa3-831c-5d3fe2ca0a28,perf_preview_oo_300x_13994@mailsac.com,preview_vmwareid:1b5655b6-4895-467b-ab64-4d3cb0968dc5,perf_preview_oo_300x_13994@mailsac.com,vaxjHHEteX_Xt6gtL9P0_1sAGR8nWsXiDc9tPZ_C6ZbHYfsZn9o6ZJzlwpgoWdxj,Test!preview@90,null
19a053ad-9cc3-4aa3-831c-5d3fe2ca0a28,perf_preview_oo_300x_13611@mailsac.com,preview_vmwareid:49d97c14-b321-4c15-b02b-08561c1b7ea9,perf_preview_oo_300x_13611@mailsac.com,hlSiYrwF1afa7Md8QZqGDLurQfOjxwAM0S4krljJTu4MnN6JgdfD-0nBi4yaNTHK,Test!preview@90,null
19a053ad-9cc3-4aa3-831c-5d3fe2ca0a28,perf_preview_oo_300x_13836@mailsac.com,preview_vmwareid:1d45943b-30e9-424d-9336-e05222934db6,perf_preview_oo_300x_13836@mailsac.com,elgunNuZQu5IrQTYiNv6CjT0TSfnrIvv2nn18BVW71f0WcvgYkW5JhJaoQukMzqy,Test!preview@90,null
19a053ad-9cc3-4aa3-831c-5d3fe2ca0a28,perf_preview_oo_300x_13932@mailsac.com,preview_vmwareid:ef28d5c1-4de6-4428-afbc-f548100e0731,perf_preview_oo_300x_13932@mailsac.com,UTWnHNCyh1aujcVvbjvMlAWCi2p-rJCm8jwbwax2A5Rh3SzJMASUv4RWKtBcpzg7,Test!preview@90,null
19a053ad-9cc3-4aa3-831c-5d3fe2ca0a28,perf_preview_oo_300x_13972@mailsac.com,preview_vmwareid:25dd8616-9273-4213-8667-ea5781e6f2ec,perf_preview_oo_300x_13972@mailsac.com,Mif1_4GNKEk0cepNgxJp9KxKmhOax2ALRRHLsr1noEQ9Pgf2X-ZvF_RkUe8zlkln,Test!preview@90,null
19a053ad-9cc3-4aa3-831c-5d3fe2ca0a28,perf_preview_oo_300x_13565@mailsac.com,preview_vmwareid:ee5297d7-933d-42bd-b455-66ccb2d4086d,perf_preview_oo_300x_13565@mailsac.com,Ueecg4M47qZSmVJrRXMe28vFwnVGbsJnAr37kErlI2l8PMlntqRBqlm5DAHK8tOM,Test!preview@90,null
19a053ad-9cc3-4aa3-831c-5d3fe2ca0a28,perf_preview_oo_300x_13900@mailsac.com,preview_vmwareid:48f03e9f-e8af-4692-bcd5-69bdcbcf2ae7,perf_preview_oo_300x_13900@mailsac.com,0g5zA8ZOvZVxmPEov1K6-VJUNU9Gxuz17eONqnmwjszRretXHzZkyHC0OycYeHYh,Test!preview@90,null
19a053ad-9cc3-4aa3-831c-5d3fe2ca0a28,perf_preview_oo_300x_13878@mailsac.com,preview_vmwareid:94a8a9d4-352d-4a35-b70b-d4fd84db760f,perf_preview_oo_300x_13878@mailsac.com,PgSfOxy-MmUu1rREiT79FGPugZXIFpKb4OwvlDOSanFNTfWAD33PbeHGX085pjY0,Test!preview@90,null
19a053ad-9cc3-4aa3-831c-5d3fe2ca0a28,perf_preview_oo_300x_13430@mailsac.com,preview_vmwareid:167dae73-e576-45a2-87ca-07385a6d4e43,perf_preview_oo_300x_13430@mailsac.com,U5iuTLGZvCgReTJ2iyDB_grviTiGHWs3EdwnY6aC3M3oVe7wsv-Bbrr_EeFtesUi,Test!preview@90,null
19a053ad-9cc3-4aa3-831c-5d3fe2ca0a28,perf_preview_oo_300x_13978@mailsac.com,preview_vmwareid:bbb5b762-da28-4ffa-bae1-7a71a3966df0,perf_preview_oo_300x_13978@mailsac.com,6D7oDdp0bpJOIM7WynCO7vzqKCedFSiYyGLvYA6BEI4bYoEkDs0P4JazdxXzn5M2,Test!preview@90,null
19a053ad-9cc3-4aa3-831c-5d3fe2ca0a28,perf_preview_oo_300x_14000@mailsac.com,preview_vmwareid:3a8a0137-b679-4a54-b18d-65864c7dc352,perf_preview_oo_300x_14000@mailsac.com,-6CziJOc0YUcBW0CfZwfcKSLZ6Rx90Hm3qnozAVAEUyHhHkWQU6H0qs8mDd8600-,Test!preview@90,null
19a053ad-9cc3-4aa3-831c-5d3fe2ca0a28,perf_preview_oo_300x_13532@mailsac.com,preview_vmwareid:d0a100b1-e1dc-41b6-a708-ae286e08c5b2,perf_preview_oo_300x_13532@mailsac.com,theIhll2Y8HKYcPbRQE0XErhp_98h28_pdR7BEoPg3Ap769NufJtByJTFPwVU2TP,Test!preview@90,null
19a053ad-9cc3-4aa3-831c-5d3fe2ca0a28,perf_preview_oo_300x_13783@mailsac.com,preview_vmwareid:2b1c7b38-3f0a-4848-965b-a34b755fbd62,perf_preview_oo_300x_13783@mailsac.com,qhik8jXYM7lAi8Bg_NheYMB16ObMC5HTVjPedQDBHsX-LTdpg0Xa8HlJRuweE2Ko,Test!preview@90,null
19a053ad-9cc3-4aa3-831c-5d3fe2ca0a28,perf_preview_oo_300x_13931@mailsac.com,preview_vmwareid:b1242a2e-a2ce-417a-b266-e577aa3250fb,perf_preview_oo_300x_13931@mailsac.com,72Ox_BpUKJkPFEH-22dvL5b0s8mpEXWZdtI_q8xBJE3cm5HYPOCIqL-8VquqTL24,Test!preview@90,null
19a053ad-9cc3-4aa3-831c-5d3fe2ca0a28,perf_preview_oo_300x_13882@mailsac.com,preview_vmwareid:a36e5bb3-a0d3-42a4-a8a7-ea52ed98ef79,perf_preview_oo_300x_13882@mailsac.com,FwzWuJIkG6g2Du6vYc0htcANfvQGrZyKfeKQrjSOD4QfkimKytH-hmJ7m7724qnz,Test!preview@90,null
19a053ad-9cc3-4aa3-831c-5d3fe2ca0a28,perf_preview_oo_300x_13920@mailsac.com,preview_vmwareid:4f2cfcba-8150-4f24-8d7d-83a3a276441a,perf_preview_oo_300x_13920@mailsac.com,anPgivJPLqaycSMOpn0twFHrgtk7aXdYhC6IhmZ0naJYF8UYP3bYrcJVG_9W6w17,Test!preview@90,null
19a053ad-9cc3-4aa3-831c-5d3fe2ca0a28,perf_preview_oo_300x_13951@mailsac.com,preview_vmwareid:f3c46ec4-2cd9-4b75-b920-690711667159,perf_preview_oo_300x_13951@mailsac.com,vwbVGXsFrwlzz0ML8kWpaOjPyKHOBhzxdM1NhOfNcUWVTiJ7WVlcrjkwMClMAR8l,Test!preview@90,null
19a053ad-9cc3-4aa3-831c-5d3fe2ca0a28,perf_preview_oo_300x_13992@mailsac.com,preview_vmwareid:13312fcf-e1cf-40f6-af92-42b7a08ef423,perf_preview_oo_300x_13992@mailsac.com,29i-qEx63-tBEqR0YVkEV2NIixxnvvk2DjcbypQMcYc_qrXgGheHHqXeZdl5JrgO,Test!preview@90,null
19a053ad-9cc3-4aa3-831c-5d3fe2ca0a28,perf_preview_oo_300x_13963@mailsac.com,preview_vmwareid:0e914ae9-24db-450e-8ae6-a9c55cc0247f,perf_preview_oo_300x_13963@mailsac.com,QNnCG8tvLbzSw641LZwvKEDRTCSVEkpVVKGZet-60SWujaKSeSUz2LiafmhvYM2E,Test!preview@90,null
19a053ad-9cc3-4aa3-831c-5d3fe2ca0a28,perf_preview_oo_300x_13898@mailsac.com,preview_vmwareid:f612416d-8024-41ab-8d2e-176c410c7b0e,perf_preview_oo_300x_13898@mailsac.com,UpioESn7FWcEYnnP8AFjyO0LHuGaBvx8kHJsZsvJkIypKTRHmetJ27FoeqQqm7ua,Test!preview@90,null
19a053ad-9cc3-4aa3-831c-5d3fe2ca0a28,perf_preview_oo_300x_13947@mailsac.com,preview_vmwareid:682cf5ea-f2e6-44ec-a6f6-591d1897921a,perf_preview_oo_300x_13947@mailsac.com,-7aEyFGHvG-kDdFUMxyAtowCl9sHdEC3U1P581VIh_MDqykz9RT_e-GG_FvOSOh8,Test!preview@90,null
19a053ad-9cc3-4aa3-831c-5d3fe2ca0a28,perf_preview_oo_300x_13926@mailsac.com,preview_vmwareid:a29c19f6-e9a0-433d-bb63-02e87035444e,perf_preview_oo_300x_13926@mailsac.com,rYYdFMd96TWuiLsQntfrjRWprIVr_OOUZscFN9eQqMyv_DusQFXjHkTZMbYBMfwA,Test!preview@90,null
19a053ad-9cc3-4aa3-831c-5d3fe2ca0a28,perf_preview_oo_300x_13959@mailsac.com,preview_vmwareid:ec154953-be2e-47da-bff2-1ecd3c734e05,perf_preview_oo_300x_13959@mailsac.com,QYVVRn6rW3gIwytlzuhIZYCMetxYLkA3PdGmDYPLZ0cTIJWKcppQINNxkFoBmKLn,Test!preview@90,null
19a053ad-9cc3-4aa3-831c-5d3fe2ca0a28,perf_preview_oo_300x_13957@mailsac.com,preview_vmwareid:5c071d4d-d660-4cd8-860f-96e413e88486,perf_preview_oo_300x_13957@mailsac.com,pw97vzMvc0xsF5zUyASH6dxfGM_UQCTwd2LBWoZnLuWEPb6IKIKwqbmHzRU8o2Ob,Test!preview@90,null
19a053ad-9cc3-4aa3-831c-5d3fe2ca0a28,perf_preview_oo_300x_13973@mailsac.com,preview_vmwareid:d1b3ee7e-4303-4ce5-a125-048236a9d458,perf_preview_oo_300x_13973@mailsac.com,4xsJtbQ2OOkL-S5ve5l9lTFkOsa22S2cDqovOWad3l7YMjX5i5oAi99-l3rQjSzO,Test!preview@90,null
19a053ad-9cc3-4aa3-831c-5d3fe2ca0a28,perf_preview_oo_300x_13940@mailsac.com,preview_vmwareid:d518bd9d-2fd9-4e29-9109-8924d3ca1a51,perf_preview_oo_300x_13940@mailsac.com,sFr3BlbUGJOyp_eRGNObAmJPs47q64RlOpeMPdK456RO1rg7XEySQd1um5vZRXbD,Test!preview@90,null
19a053ad-9cc3-4aa3-831c-5d3fe2ca0a28,perf_preview_oo_300x_13848@mailsac.com,preview_vmwareid:b933b9db-2f6c-4edb-824a-3f2448aacc81,perf_preview_oo_300x_13848@mailsac.com,ap7Ollu81gU_u2ZK3SvD3KqC81MCyIkavz2CtYM-0SkvjatOZBXkvck81fYoIMYO,Test!preview@90,null
19a053ad-9cc3-4aa3-831c-5d3fe2ca0a28,perf_preview_oo_300x_13885@mailsac.com,preview_vmwareid:e62e6926-62d9-4b49-8aa1-8b32eae9f563,perf_preview_oo_300x_13885@mailsac.com,55cnn-a0rPH08pURukvYH5yTFmf6e6IbrVR-fWz-7bKHX-H-LrN1Baqu02q_EtkX,Test!preview@90,null
19a053ad-9cc3-4aa3-831c-5d3fe2ca0a28,perf_preview_oo_300x_13980@mailsac.com,preview_vmwareid:f841de42-8db2-407c-a7ee-ad4c32bf48a0,perf_preview_oo_300x_13980@mailsac.com,F17G3V9Mnl5nzNQUZrAvBnzpOxqwPWGpv7MRFrl9hgcz-bDLC5ip5IQdAlnm3rVM,Test!preview@90,null
19a053ad-9cc3-4aa3-831c-5d3fe2ca0a28,perf_preview_oo_300x_13635@mailsac.com,preview_vmwareid:b785fb3b-6f9a-49a4-96fa-3e008287f449,perf_preview_oo_300x_13635@mailsac.com,O6W828KUcbFgRjXhwKBoh7VFM4faQ5LGRVoUe7cnBNOa-3J7XGXKZHqCQ-ySpNjh,Test!preview@90,null
19a053ad-9cc3-4aa3-831c-5d3fe2ca0a28,perf_preview_oo_300x_13965@mailsac.com,preview_vmwareid:f1599d2f-7083-4da2-9870-9419eb2aea39,perf_preview_oo_300x_13965@mailsac.com,MuDKOAZoK9jS9KB5v3uQLjgOh-otXZrdaz4Xe0mPqCSmaNAOPoLzVH-KI4-AZpZs,Test!preview@90,null
19a053ad-9cc3-4aa3-831c-5d3fe2ca0a28,perf_preview_oo_300x_13956@mailsac.com,preview_vmwareid:d464bf7e-3039-49cc-99e6-38d150b5c751,perf_preview_oo_300x_13956@mailsac.com,bBUgXXMgouEn-OaGfOo8s0q6AHyJ7etnq1Wwvhtl_BxcLOEFD5DkPSxi0IgG_8sv,Test!preview@90,null
19a053ad-9cc3-4aa3-831c-5d3fe2ca0a28,perf_preview_oo_300x_13919@mailsac.com,preview_vmwareid:3fc89d5b-c785-4da5-a0e8-7401598e50cc,perf_preview_oo_300x_13919@mailsac.com,qe6i3oIFUsvNJW5KNOit9gafMScJpN8Qm64PDbQsU5S30ib15CAy-ZlNKdX3MIU2,Test!preview@90,null
19a053ad-9cc3-4aa3-831c-5d3fe2ca0a28,perf_preview_oo_300x_13993@mailsac.com,preview_vmwareid:4f8cc950-66c4-48d7-81a2-70287a556a4d,perf_preview_oo_300x_13993@mailsac.com,tFoZv2bGXJSakRofcikZlAsY_FV75NsaPzXdSwxpMoCzmK3aWER8x5gXa-B9-c2w,Test!preview@90,null
19a053ad-9cc3-4aa3-831c-5d3fe2ca0a28,perf_preview_oo_300x_13558@mailsac.com,preview_vmwareid:f928a24d-2d61-47c9-afc7-c5865f784274,perf_preview_oo_300x_13558@mailsac.com,nbOwA1ida6SFjiwRGKx2QLaijdDLwngO4oHC-G1hJg8iPpoM6Hhsa4p1C8f32E-S,Test!preview@90,null
19a053ad-9cc3-4aa3-831c-5d3fe2ca0a28,perf_preview_oo_300x_13907@mailsac.com,preview_vmwareid:e96e3c29-4115-4b82-95cd-483e0311f3bc,perf_preview_oo_300x_13907@mailsac.com,CYpg9oC8W3V_xfNBi7WW6IllTQITWXHssol6-Phq9RVE3IA5f7CueVlNj1YXKNjX,Test!preview@90,null
19a053ad-9cc3-4aa3-831c-5d3fe2ca0a28,perf_preview_oo_300x_13934@mailsac.com,preview_vmwareid:564d9af1-11ec-4b30-8498-4799277d8d7e,perf_preview_oo_300x_13934@mailsac.com,2SLjU7XGxGaVdZfd1ZJrWkeRK-8lDvnTqMrIZONGJnZlCROGJvK3uXMD02EpqajK,Test!preview@90,null
19a053ad-9cc3-4aa3-831c-5d3fe2ca0a28,perf_preview_oo_300x_13874@mailsac.com,preview_vmwareid:908db623-420a-4af7-a8b5-73db86b734bf,perf_preview_oo_300x_13874@mailsac.com,h7jRssGss4LGsh1sbVSUF3rt8lJNAePly_EIC5Z9An4yAUThfVJuVnzn5hdaJdo4,Test!preview@90,null
19a053ad-9cc3-4aa3-831c-5d3fe2ca0a28,perf_preview_oo_300x_13652@mailsac.com,preview_vmwareid:b325ff00-e7a8-4901-92f3-c9ec59bce6d1,perf_preview_oo_300x_13652@mailsac.com,kKZV9jxd6XUScZN3M5w66zXDWvkmqu8AYCxYlPU-87hasfIN0BdmzDEfgAkHo0-E,Test!preview@90,null
19a053ad-9cc3-4aa3-831c-5d3fe2ca0a28,perf_preview_oo_300x_13988@mailsac.com,preview_vmwareid:ce640325-bcd8-4f8b-bf81-99f90ccec245,perf_preview_oo_300x_13988@mailsac.com,ys9l7D6nBqzoT8JVWPkcjODMdXDgNQFcBHow7in_lzMZ-pp9k94rH9XkJ8pgJZHp,Test!preview@90,null
19a053ad-9cc3-4aa3-831c-5d3fe2ca0a28,perf_preview_oo_300x_13901@mailsac.com,preview_vmwareid:d8767961-b9f9-4e8d-8ad6-04bf91f37218,perf_preview_oo_300x_13901@mailsac.com,Ne9QxZ0k-7hYrKn9sRoe4f-RTGSzDRdzi8qRe5eViMwrjI-idMGjkhTUoTxySwaS,Test!preview@90,null
19a053ad-9cc3-4aa3-831c-5d3fe2ca0a28,perf_preview_oo_300x_13685@mailsac.com,preview_vmwareid:914ff746-7abc-4772-a60c-7ba8cf0e8096,perf_preview_oo_300x_13685@mailsac.com,BmLDVXaQQXmbLOZ_3ZaaJ0NoXr_rHnDqsCQfUeiIsnYi9-ngYGGSjKB1guc9AECk,Test!preview@90,null
19a053ad-9cc3-4aa3-831c-5d3fe2ca0a28,perf_preview_oo_300x_13895@mailsac.com,preview_vmwareid:f098f305-6d03-405a-bf37-9a8212038108,perf_preview_oo_300x_13895@mailsac.com,Dv2sAjsJBH9jkuJ6rm_E0FVQ_XP6s7YmlyiLSdPDlZJEPLDTXVopcLSU_h10cyvm,Test!preview@90,null
19a053ad-9cc3-4aa3-831c-5d3fe2ca0a28,perf_preview_oo_300x_13880@mailsac.com,preview_vmwareid:d87385f7-035b-47c4-9f09-5423df52b68e,perf_preview_oo_300x_13880@mailsac.com,1LUbHWj_fJS1TVZoBpT_CEWGSiGYrIPRELag5k9ltgrhlowpATu_Aj3ORckiq3RH,Test!preview@90,null
19a053ad-9cc3-4aa3-831c-5d3fe2ca0a28,perf_preview_oo_300x_13877@mailsac.com,preview_vmwareid:c386c1df-3780-406c-aa82-6ae0768df7ea,perf_preview_oo_300x_13877@mailsac.com,9bxG7TqxV3x6RROcT5PbC4QXFInS52feOVcm-fWGmRS462IVpgZt3MqLfTHCZA0X,Test!preview@90,null
19a053ad-9cc3-4aa3-831c-5d3fe2ca0a28,perf_preview_oo_300x_13870@mailsac.com,preview_vmwareid:70cf258d-5919-4cf4-91c9-3a525edbacd7,perf_preview_oo_300x_13870@mailsac.com,YUQu3HY-aq7GicW480At0-JKeIWHjUH4tk6kDGHHSBMY0XWCVOc5LjnOemfnGj6t,Test!preview@90,null
19a053ad-9cc3-4aa3-831c-5d3fe2ca0a28,perf_preview_oo_300x_13941@mailsac.com,preview_vmwareid:0c6445fe-5491-402c-a829-0042803e39f6,perf_preview_oo_300x_13941@mailsac.com,U1G6JhCZy_M-RWyP1u60ZnLtLTtGvKZfl9n3s61kxMy0ivKXOO1sd80K56Yd1YA1,Test!preview@90,null
19a053ad-9cc3-4aa3-831c-5d3fe2ca0a28,perf_preview_oo_300x_13989@mailsac.com,preview_vmwareid:2966391d-7138-4d7f-bb36-14697d8b3d5f,perf_preview_oo_300x_13989@mailsac.com,BDCUxVpiObENKo76iX6LnQVdMufBLM4txHUGnpMGVcf_flLRqEHYJ6S-2MUa9RFw,Test!preview@90,null
19a053ad-9cc3-4aa3-831c-5d3fe2ca0a28,perf_preview_oo_300x_13773@mailsac.com,preview_vmwareid:430a60fa-47e0-4da7-89ff-4bc8a652e04c,perf_preview_oo_300x_13773@mailsac.com,FBRhxdj-4OgY0IJqu2U_WZAT2BTW-23wvKcLkdpPIw9gO6vQ-j2Kw4YDeybLIZG2,Test!preview@90,null
19a053ad-9cc3-4aa3-831c-5d3fe2ca0a28,perf_preview_oo_300x_13997@mailsac.com,preview_vmwareid:89cdba47-6294-4d6d-9e03-ef6d38c3ca5a,perf_preview_oo_300x_13997@mailsac.com,YUaRMjR-OPpz1i-AfDMC88V_j0vx-rqwH5o-Z1KvY7BUuiSp4e6g1155X7JegAZu,Test!preview@90,null
19a053ad-9cc3-4aa3-831c-5d3fe2ca0a28,perf_preview_oo_300x_13952@mailsac.com,preview_vmwareid:47a63b8b-f331-46c2-bbd2-6fab43d0863e,perf_preview_oo_300x_13952@mailsac.com,rJOT3-ESYG1AYGkUT-rVX3OnZIXOJLbFkfrwysYF1K0OdSlaA19C6jHpjmtahZgv,Test!preview@90,null
19a053ad-9cc3-4aa3-831c-5d3fe2ca0a28,perf_preview_oo_300x_13928@mailsac.com,preview_vmwareid:7ee6afef-6659-488a-ae2a-a2db20013214,perf_preview_oo_300x_13928@mailsac.com,ADePv_OA0Q2PjjJhHDhogkf7TKGuzVTrMqIf9qKUxixXNgHR6IxRCo3dZDfadYDp,Test!preview@90,null
19a053ad-9cc3-4aa3-831c-5d3fe2ca0a28,perf_preview_oo_300x_13995@mailsac.com,preview_vmwareid:73936631-1746-4f6e-bdd9-063693e10a1f,perf_preview_oo_300x_13995@mailsac.com,vyc2yv65QwWZNELTgm8sKCO55HtI0M_e2eL9ZWj4Gk6lu5O7P54msiWq51Y0GQYm,Test!preview@90,null
19a053ad-9cc3-4aa3-831c-5d3fe2ca0a28,perf_preview_oo_300x_13999@mailsac.com,preview_vmwareid:d0999410-4922-4f81-8032-c8a06daea7de,perf_preview_oo_300x_13999@mailsac.com,mlA2_NDhsSFKkzgtA8_VqMfhRFrkOtQQZ-3p-pISHac72b4kkcsIUUjQZKCu-7mD,Test!preview@90,null
19a053ad-9cc3-4aa3-831c-5d3fe2ca0a28,perf_preview_oo_300x_13938@mailsac.com,preview_vmwareid:01972621-ad87-478f-a870-6fcd2bb2f4d1,perf_preview_oo_300x_13938@mailsac.com,mriXWxUBvsbanj4VNlsAddmdfnj0wjd7E8WJOymJPWOjBSoYXSd6S4DVT736zduE,Test!preview@90,null
19a053ad-9cc3-4aa3-831c-5d3fe2ca0a28,perf_preview_oo_300x_13883@mailsac.com,preview_vmwareid:bb99c9d2-e310-4232-89fb-c6535f8269e9,perf_preview_oo_300x_13883@mailsac.com,RL-zvgxfa8jxoA3n2gdMDnRekkh6v7u8AkzRCztS3kF7EQ0UfdcqPy0aCIVGSDKD,Test!preview@90,null
19a053ad-9cc3-4aa3-831c-5d3fe2ca0a28,perf_preview_oo_300x_13968@mailsac.com,preview_vmwareid:f1c8402c-410e-4967-b46c-f0bc5b2aef13,perf_preview_oo_300x_13968@mailsac.com,TTGEQzVBe3SfmiBiP6j789mK_Di53QjqappIcKWgk-Gu2sdiYVlXqrFTe6xPQXiv,Test!preview@90,null
19a053ad-9cc3-4aa3-831c-5d3fe2ca0a28,perf_preview_oo_300x_13695@mailsac.com,preview_vmwareid:e54e1597-c028-4027-8f79-7b0ae9c94b04,perf_preview_oo_300x_13695@mailsac.com,DIF0bRPQEE9y8AijJUDiGn628SHZ0YJ8RW4cBmYPiy_pKtL0HrCTB0rc3fGwRujU,Test!preview@90,null
19a053ad-9cc3-4aa3-831c-5d3fe2ca0a28,perf_preview_oo_300x_13917@mailsac.com,preview_vmwareid:6ecad29c-01fc-46b7-8872-c99b4dc74035,perf_preview_oo_300x_13917@mailsac.com,rYz6vpney2kDVlliCG-rXODp4ILy0JFTY3WiN-g9P2lSeR9Nbp7vGO5nST7KEtzg,Test!preview@90,null
19a053ad-9cc3-4aa3-831c-5d3fe2ca0a28,perf_preview_oo_300x_13933@mailsac.com,preview_vmwareid:c49ec2aa-c850-47a3-9d23-4e39c5993a6f,perf_preview_oo_300x_13933@mailsac.com,__Sde124gCIx_mtrwxgV2M9zpyokHDy3WC5-bxdquy3c-58BkX7yZQkuwlJ61nuf,Test!preview@90,null